id,data,cliente_id,tipo,valor,descricao,categoria
1,2026-01-05,CLI001,credito,3500.00,Salário janeiro,salario
2,2026-01-08,CLI002,debito,180.50,Supermercado,compra
3,2026-01-12,CLI003,credito,4200.00,Salário janeiro,salario
4,2026-01-15,CLI001,debito,1250.00,Aluguel,conta
21,2026-01-20,CLI001,debito,abc,Erro de sistema,compra
5,2026-01-22,CLI004,credito,12500.00,Transferência recebida do exterior,transferencia
6,2026-01-28,CLI002,debito,89.90,Assinatura streaming,assinatura
7,2026-02-03,CLI001,credito,3500.00,Salário fevereiro,salario
8,2026-02-07,CLI003,debito,640.00,Compra de eletrônicos,compra
22,2026-02-10,,debito,200.00,Sem cliente,transferencia
9,2026-02-14,CLI003,credito,15000.00,Transferência suspeita,transferencia
10,2026-02-18,CLI002,debito,320.00,Conta de luz,conta
,2026-02-20,CLI002,debito,75.00,Sem identificador,compra
11,2026-02-25,CLI004,debito,2300.00,Transferência para terceiros,transferencia
26,2026-02-30,CLI001,debito,60.00,Data inexistente,compra
9,2026-02-14,CLI003,credito,15000.00,Transferência suspeita,transferencia
12,2026-03-02,CLI001,credito,3500.00,Salário março,salario
X24,2026-03-03,CLI003,credito,500.00,ID inválido,transferencia
25,05/03/2026,CLI004,debito,120.00,Data em formato brasileiro,compra
13,2026-03-05,CLI002,credito,2800.00,Salário março,salario
14,2026-03-10,CLI003,debito,99.90,Streaming,assinatura
27,2026-03-12,CLI002,estorno,90.00,Tipo desconhecido,compra
15,2026-03-17,CLI004,debito,450.75,Supermercado,compra
16,2026-03-28,CLI001,debito,11800.00,Entrada de veículo,compra
17,2026-04-01,CLI002,credito,2800.00,Salário abril,salario
28,2026-04-05,CLI003,debito,-150.00,Valor negativo,compra
18,2026-04-09,CLI003,debito,210.30,Farmácia,compra
29,2026-04-11,CLI004,credito,0,Valor zerado,transferencia
19,2026-04-15,CLI001,credito,3500.00,Salário abril,salario
20,2026-04-22,CLI004,debito,1500.00,Transferência PIX,transferencia
